rank,artista,titulo,remixer
1,"Richard Grey, Lissat",Not My Lover Original Mix,G*High
Disco Stepper Original Mix,PornoStar Records,"Crazibiza, House of Prayers",Funky / Groove / Jackin' House
"Richard Grey, Robin S, Dead As Disko",Funky / Groove / Jackin' House,G*High,2021-06-18
Nitron Music,2021-02-26,Funky / Groove / Jackin' House,$1.29
Funky / Groove / Jackin' House,$1.29,2021-05-28,6
2021-06-04,7,$1.29,Dance To The Rhythm Original Mix
$1.29,We Are Family Original Mix,8,"Block & Crown, Marc Rousso"
9,Block & Crown,Dirty Dancer Original Mix,Rawtone Black
The Ultimate Jackin' Weapon Original Mix,Rawtone Black,Block & Crown,Funky / Groove / Jackin' House
"Laurent Simeca, Crazibiza",PornoStar Records,Nari,Funky / Groove / Jackin' House
"Paul Parsons, Lissat",Funky / Groove / Jackin' House,PLAYEDiT Records,2021-05-21
Which Bottle?,2021-08-06,Funky / Groove / Jackin' House,$1.29
Funky / Groove / Jackin' House,$1.29,2021-07-16,15
2021-07-30,16,$1.29,Last Night A DJ Saved My Life Original Mix
$1.29,Jack The Carwash Original Mix,17,"Block & Crown, Lissat"
18,"Ron Carroll, Crazibiza",Tonight Cheesecake Boys Remix,Cheesecake Boys
19,"Block & Crown, Marc Rousso",Movin on Up Club Mix,Let's Play Music
Moef Gaga Original Mix,SUPERCIRCUS,"Block & Crown, Maickel Telussa",Funky / Groove / Jackin' House
DJ Aiblo,Funky / Groove / Jackin' House,PornoStar Records,2021-08-06
Club Sweat,2021-07-16,Funky / Groove / Jackin' House,$1.29
PornoStar Records,2021-06-04,Funky / Groove / Jackin' House,$1.29
Greenmountain,2021-07-30,Funky / Groove / Jackin' House,$1.29
Funky / Groove / Jackin' House,$1.29,2021-08-06,26
Funky / Groove / Jackin' House,$1.99,2021-07-23,27
2021-07-05,28,$1.29,Na Na Nah Original Mix
$1.29,Could You Be Loved Original Mix,29,Block & Crown
30,"F.Physical, Leandro Da Silva, Sam Stray Wood",La Banda Boulevard (feat. Sam Stray Wood) Extended Mix,SPINNIN' RECORDS
I'm Coming Extended Mix,Musical Freedom,Wh0,Funky / Groove / Jackin' House
"Block & Crown, Martina Budde",Funky / Groove / Jackin' House,Next-Gen-Records,2020-08-07
Tactical Records,2021-08-06,Funky / Groove / Jackin' House,$1.29
Funky / Groove / Jackin' House,$1.29,2021-04-23,35
2021-08-02,36,$1.99,Funky Beatz Club Mix
$1.29,Slim Is Alive Original Mix,37,"Richard Grey, Lissat"
38,Crazibiza,My Lips Cheesecake Boys Deeper Mix,Cheesecake Boys
39,"Block & Crown, Lissat",A.B.C. Original Mix,Tactical Records
Dancing Queen Original Mix,Tactical Records,"Jackers Revenge, Lissat",Funky / Groove / Jackin' House
"Block & Crown, Martina Budde",Funky / Groove / Jackin' House,Next-Gen-Records,2019-12-13
Tactical Records,2021-08-06,Funky / Groove / Jackin' House,$1.29
Funky / Groove / Jackin' House,$1.29,2021-07-30,44
2021-06-11,45,$1.29,Take Me To Funkytown Original Mix
$1.29,Respect Original Mix,46,Block & Crown
47,"Laurent Simeca, Crazibiza",Backing The Days House Of Prayers Remix,House of Prayers
48,"Nari, Stylus Robb",Street Vibe Original Mix,PornoStar Records
Whoomp Original Mix,Koolkutz,LeGround,Funky / Groove / Jackin' House
Block & Crown,Funky / Groove / Jackin' House,Next-Gen-Records,2021-06-18
Next-Gen-Records,2021-08-06,Funky / Groove / Jackin' House,$1.29
Funky / Groove / Jackin' House,$1.29,2021-08-06,53
2021-08-06,54,$1.99,U Got The Feeling Extended Mix
$1.99,Finally Original Mix,55,Stev Dive
56,"Block & Crown, Maickel Telussa",Hold It Now Original Mix,Rawtone Black
It Just You Do Original Mix,Whore House,Ivan Kay,Funky / Groove / Jackin' House
"Block & Crown, Marc Rousso",Funky / Groove / Jackin' House,Omerta,2021-01-22
Tribal Kitchen,2021-07-23,Funky / Groove / Jackin' House,$1.99
Omerta,2020-01-03,Funky / Groove / Jackin' House,$1.29
Funky / Groove / Jackin' House,$1.29,2021-08-06,62
2021-07-23,63,$1.99,Subliminal Original Mix
$1.29,Capri Summer Mix,64,"Nari, Crazibiza"
65,Mind Electric,Party People Mighty Mouse Extended Remix,Mighty Mouse
66,Richard Grey,She Takes My Money Original Mix,G*High
Everyday Jumping Original Mix,G*High,"Richard Grey, Lissat",Funky / Groove / Jackin' House
Eric Prydz,Funky / Groove / Jackin' House,Pryda Presents,2004-09-10
Cube Recordings,2021-07-09,Funky / Groove / Jackin' House,$1.29
Funky / Groove / Jackin' House,$1.99,2021-07-16,71
2021-07-02,72,$1.99,Come With Me Extended
$1.29,Paradise Summer Mix,73,No Hopes
74,Maurizio Basilotta,Funky Back Original Mix,InStereo Recordings
Pump the Bass Club Mix,Let's Play Music,"Block & Crown, Hardcopy",Funky / Groove / Jackin' House
Block & Crown,Funky / Groove / Jackin' House,Next-Gen-Records,2021-07-09
G*High,2021-05-07,Funky / Groove / Jackin' House,$1.29
Funky / Groove / Jackin' House,$1.99,2021-07-26,79
2021-07-23,80,$1.29,The Sax Track (Extended) Original Mix
$1.29,Xtacy Original Mix,81,Crazibiza
82,"Crazibiza, Cheesecake Boys",Our House Original Mix,PornoStar Records
Get In the Groove Original Mix,Senssual Records,NUMA A TFIVE,Funky / Groove / Jackin' House
"Sean Finn, The Soundlovers",Funky / Groove / Jackin' House,Tribal Kitchen,2021-07-30
Fava Groove Records,2021-07-30,Funky / Groove / Jackin' House,$1.99
Funky / Groove / Jackin' House,$1.29,2021-06-25,87
2021-08-06,88,$1.29,Love To Dance 8 Original Mix
$1.99,Lots Of Soulful Vocals Extended Mix,89,Alex Preston
90,Block & Crown,Rock The Riddle Original Mix,Next-Gen-Records
Bring That Back Original Mix,Omerta,Block & Crown,Funky / Groove / Jackin' House
"Crazibiza, Cheesecake Boys",PornoStar Records,Crazibiza,Funky / Groove / Jackin' House
"Angie Brown, Chelsea Singh",Funky / Groove / Jackin' House,World Sound,2021-08-09
Tribal Kitchen,2021-08-06,Funky / Groove / Jackin' House,$1.99
Funky / Groove / Jackin' House,$1.29,2021-07-30,96
2021-07-16,97,$1.99,Deep Funk Rafael Marciano Remix
2021-08-06,98,$1.29,Surfing Dub Mix
$1.29,Feel My Heart Original Mix,99,Juan Diazo
100,"Everyone You Know, Joy Anonymous",Just for the Times Westend Extended Remix,Westend
